cohort_month,period_number,retention_pct,cohort_size
2016-10,0,100.0,262.0
2017-01,0,100.0,717.0
2017-02,0,100.0,1628.0
2017-03,0,100.0,2503.0
2017-04,0,100.0,2256.0
2017-05,0,100.0,3451.0
2017-06,0,100.0,3037.0
2017-07,0,100.0,3752.0
2017-08,0,100.0,4057.0
2017-09,0,100.0,4004.0
2017-10,0,100.0,4328.0
2017-11,0,100.0,7060.0
2017-12,0,100.0,5338.0
2018-01,0,100.0,6842.0
2018-02,0,100.0,6288.0
2018-03,0,100.0,6774.0
2018-04,0,100.0,6582.0
2018-05,0,100.0,6506.0
2018-06,0,100.0,5878.0
2018-07,0,100.0,5949.0
2018-08,0,100.0,6144.0
2016-10,1,0.0,262.0
2017-01,1,0.2789400278940028,717.0
2017-02,1,0.18427518427518427,1628.0
2017-03,1,0.43947263284059124,2503.0
2017-04,1,0.6205673758865249,2256.0
2017-05,1,0.46363372935381053,3451.0
2017-06,1,0.49390846229832075,3037.0
2017-07,1,0.5330490405117271,3752.0
2017-08,1,0.6901651466600937,4057.0
2017-09,1,0.6993006993006993,4004.0
2017-10,1,0.7162661737523105,4328.0
2017-11,1,0.56657223796034,7060.0
2017-12,1,0.20606968902210565,5338.0
2018-01,1,0.33615901783104357,6842.0
2018-02,1,0.34987277353689566,6288.0
2018-03,1,0.39858281665190437,6774.0
2018-04,1,0.5925250683682771,6582.0
2018-05,1,0.522594528127882,6506.0
2018-06,1,0.4253147329023477,5878.0
2018-07,1,0.5210959825180703,5949.0
2018-08,1,,6144.0
2016-10,2,0.0,262.0
2017-01,2,0.2789400278940028,717.0
2017-02,2,0.3071253071253071,1628.0
2017-03,2,0.3595685177786656,2503.0
2017-04,2,0.22163120567375888,2256.0
2017-05,2,0.46363372935381053,3451.0
2017-06,2,0.39512676983865663,3037.0
2017-07,2,0.3464818763326226,3752.0
2017-08,2,0.3450825733300468,4057.0
2017-09,2,0.5494505494505495,4004.0
2017-10,2,0.2541589648798521,4328.0
2017-11,2,0.36827195467422097,7060.0
2017-12,2,0.2810041213937804,5338.0
2018-01,2,0.3653902367728734,6842.0
2018-02,2,0.3975826972010178,6288.0
2018-03,2,0.29524653085326247,6774.0
2018-04,2,0.3038590094196293,6582.0
2018-05,2,0.261297264063941,6506.0
2018-06,2,0.27220142905750255,5878.0
2018-07,2,,5949.0
2018-08,2,,6144.0
2016-10,3,0.0,262.0
2017-01,3,0.1394700139470014,717.0
2017-02,3,0.12285012285012285,1628.0
2017-03,3,0.3995205753096284,2503.0
2017-04,3,0.1773049645390071,2256.0
2017-05,3,0.28977108084613157,3451.0
2017-06,3,0.4280540006585446,3037.0
2017-07,3,0.2398720682302772,3752.0
2017-08,3,0.27113630761646534,4057.0
2017-09,3,0.27472527472527475,4004.0
2017-10,3,0.09242144177449169,4328.0
2017-11,3,0.16997167138810199,7060.0
2017-12,3,0.3372049456725365,5338.0
2018-01,3,0.29231218941829873,6842.0
2018-02,3,0.30216284987277353,6288.0
2018-03,3,0.29524653085326247,6774.0
2018-04,3,0.24308720753570343,6582.0
2018-05,3,0.18444512757454656,6506.0
2018-06,3,,5878.0
2018-07,3,,5949.0
2018-08,3,,6144.0
2016-10,4,0.0,262.0
2017-01,4,0.41841004184100417,717.0
2017-02,4,0.42997542997543,1628.0
2017-03,4,0.3595685177786656,2503.0
2017-04,4,0.26595744680851063,2256.0
2017-05,4,0.28977108084613157,3451.0
2017-06,4,0.29634507737899246,3037.0
2017-07,4,0.2931769722814499,3752.0
2017-08,4,0.3450825733300468,4057.0
2017-09,4,0.4495504495504496,4004.0
2017-10,4,0.23105360443622922,4328.0
2017-11,4,0.16997167138810199,7060.0
2017-12,4,0.26227051330086176,5338.0
2018-01,4,0.29231218941829873,6842.0
2018-02,4,0.2544529262086514,6288.0
2018-03,4,0.11809861234130499,6774.0
2018-04,4,0.13673655423883319,6582.0
2018-05,4,,6506.0
2018-06,4,,5878.0
2018-07,4,,5949.0
2018-08,4,,6144.0
2016-10,5,0.0,262.0
2017-01,5,0.1394700139470014,717.0
2017-02,5,0.12285012285012285,1628.0
2017-03,5,0.15980823012385137,2503.0
2017-04,5,0.26595744680851063,2256.0
2017-05,5,0.3187481889307447,3451.0
2017-06,5,0.39512676983865663,3037.0
2017-07,5,0.21321961620469082,3752.0
2017-08,5,0.5176238599950702,4057.0
2017-09,5,0.2247752247752248,4004.0
2017-10,5,0.20794824399260628,4328.0
2017-11,5,0.18413597733711048,7060.0
2017-12,5,0.20606968902210565,5338.0
2018-01,5,0.1607717041800643,6842.0
2018-02,5,0.22264631043256997,6288.0
2018-03,5,0.11809861234130499,6774.0
2018-04,5,,6582.0
2018-05,5,,6506.0
2018-06,5,,5878.0
2018-07,5,,5949.0
2018-08,5,,6144.0
2016-10,6,0.38167938931297707,262.0
2017-01,6,0.41841004184100417,717.0
2017-02,6,0.2457002457002457,1628.0
2017-03,6,0.15980823012385137,2503.0
2017-04,6,0.3546099290780142,2256.0
2017-05,6,0.4056795131845842,3451.0
2017-06,6,0.36219953901876856,3037.0
2017-07,6,0.31982942430703626,3752.0
2017-08,6,0.2957850628543258,4057.0
2017-09,6,0.2247752247752248,4004.0
2017-10,6,0.20794824399260628,4328.0
2017-11,6,0.11331444759206798,7060.0
2017-12,6,0.16860247283626825,5338.0
2018-01,6,0.17538731365097923,6842.0
2018-02,6,0.20674300254452924,6288.0
2018-03,6,,6774.0
2018-04,6,,6582.0
2018-05,6,,6506.0
2018-06,6,,5878.0
2018-07,6,,5949.0
2018-08,6,,6144.0
2016-10,7,0.0,262.0
2017-01,7,0.1394700139470014,717.0
2017-02,7,0.18427518427518427,1628.0
2017-03,7,0.31961646024770274,2503.0
2017-04,7,0.31028368794326244,2256.0
2017-05,7,0.14488554042306578,3451.0
2017-06,7,0.23049061573921634,3037.0
2017-07,7,0.10660980810234541,3752.0
2017-08,7,0.27113630761646534,4057.0
2017-09,7,0.24975024975024976,4004.0
2017-10,7,0.36968576709796674,4328.0
2017-11,7,0.18413597733711048,7060.0
2017-12,7,0.018733608092918696,5338.0
2018-01,7,0.233849751534639,6842.0
2018-02,7,,6288.0
2018-03,7,,6774.0
2018-04,7,,6582.0
2018-05,7,,6506.0
2018-06,7,,5878.0
2018-07,7,,5949.0
2018-08,7,,6144.0
2016-10,8,0.0,262.0
2017-01,8,0.1394700139470014,717.0
2017-02,8,0.12285012285012285,1628.0
2017-03,8,0.31961646024770274,2503.0
2017-04,8,0.31028368794326244,2256.0
2017-05,8,0.2607939727615184,3451.0
2017-06,8,0.1317089232795522,3037.0
2017-07,8,0.18656716417910446,3752.0
2017-08,8,0.1478925314271629,4057.0
2017-09,8,0.27472527472527475,4004.0
2017-10,8,0.27726432532347506,4328.0
2017-11,8,0.1274787535410765,7060.0
2017-12,8,0.18733608092918697,5338.0
2018-01,8,,6842.0
2018-02,8,,6288.0
2018-03,8,,6774.0
2018-04,8,,6582.0
2018-05,8,,6506.0
2018-06,8,,5878.0
2018-07,8,,5949.0
2018-08,8,,6144.0
2016-10,9,0.38167938931297707,262.0
2017-01,9,0.0,717.0
2017-02,9,0.18427518427518427,1628.0
2017-03,9,0.07990411506192568,2503.0
2017-04,9,0.1773049645390071,2256.0
2017-05,9,0.2607939727615184,3451.0
2017-06,9,0.19756338491932832,3037.0
2017-07,9,0.26652452025586354,3752.0
2017-08,9,0.1478925314271629,4057.0
2017-09,9,0.17482517482517482,4004.0
2017-10,9,0.18484288354898337,4328.0
2017-11,9,0.05665722379603399,7060.0
2017-12,9,,5338.0
2018-01,9,,6842.0
2018-02,9,,6288.0
2018-03,9,,6774.0
2018-04,9,,6582.0
2018-05,9,,6506.0
2018-06,9,,5878.0
2018-07,9,,5949.0
2018-08,9,,6144.0
2016-10,10,0.0,262.0
2017-01,10,0.41841004184100417,717.0
2017-02,10,0.12285012285012285,1628.0
2017-03,10,0.3595685177786656,2503.0
2017-04,10,0.26595744680851063,2256.0
2017-05,10,0.2607939727615184,3451.0
2017-06,10,0.29634507737899246,3037.0
2017-07,10,0.21321961620469082,3752.0
2017-08,10,0.2464875523786049,4057.0
2017-09,10,0.24975024975024976,4004.0
2017-10,10,0.20794824399260628,4328.0
2017-11,10,,7060.0
2017-12,10,,5338.0
2018-01,10,,6842.0
2018-02,10,,6288.0
2018-03,10,,6774.0
2018-04,10,,6582.0
2018-05,10,,6506.0
2018-06,10,,5878.0
2018-07,10,,5949.0
2018-08,10,,6144.0
2016-10,11,0.38167938931297707,262.0
2017-01,11,0.1394700139470014,717.0
2017-02,11,0.3071253071253071,1628.0
2017-03,11,0.11985617259288853,2503.0
2017-04,11,0.08865248226950355,2256.0
2017-05,11,0.34772529701535787,3451.0
2017-06,11,0.36219953901876856,3037.0
2017-07,11,0.2931769722814499,3752.0
2017-08,11,0.1971900419028839,4057.0
2017-09,11,0.07492507492507493,4004.0
2017-10,11,,4328.0
2017-11,11,,7060.0
2017-12,11,,5338.0
2018-01,11,,6842.0
2018-02,11,,6288.0
2018-03,11,,6774.0
2018-04,11,,6582.0
2018-05,11,,6506.0
2018-06,11,,5878.0
2018-07,11,,5949.0
2018-08,11,,6144.0
2016-10,12,0.0,262.0
2017-01,12,0.697350069735007,717.0
2017-02,12,0.12285012285012285,1628.0
2017-03,12,0.1997602876548142,2503.0
2017-04,12,0.044326241134751775,2256.0
2017-05,12,0.23181686467690527,3451.0
2017-06,12,0.16463615409944024,3037.0
2017-07,12,0.13326226012793177,3752.0
2017-08,12,0.12324377618930245,4057.0
2017-09,12,,4004.0
2017-10,12,,4328.0
2017-11,12,,7060.0
2017-12,12,,5338.0
2018-01,12,,6842.0
2018-02,12,,6288.0
2018-03,12,,6774.0
2018-04,12,,6582.0
2018-05,12,,6506.0
2018-06,12,,5878.0
2018-07,12,,5949.0
2018-08,12,,6144.0
2016-10,13,0.38167938931297707,262.0
2017-01,13,0.41841004184100417,717.0
2017-02,13,0.18427518427518427,1628.0
2017-03,13,0.11985617259288853,2503.0
2017-04,13,0.044326241134751775,2256.0
2017-05,13,0.028977108084613158,3451.0
2017-06,13,0.16463615409944024,3037.0
2017-07,13,0.2398720682302772,3752.0
2017-08,13,,4057.0
2017-09,13,,4004.0
2017-10,13,,4328.0
2017-11,13,,7060.0
2017-12,13,,5338.0
2018-01,13,,6842.0
2018-02,13,,6288.0
2018-03,13,,6774.0
2018-04,13,,6582.0
2018-05,13,,6506.0
2018-06,13,,5878.0
2018-07,13,,5949.0
2018-08,13,,6144.0
2016-10,14,0.0,262.0
2017-01,14,0.1394700139470014,717.0
2017-02,14,0.12285012285012285,1628.0
2017-03,14,0.15980823012385137,2503.0
2017-04,14,0.08865248226950355,2256.0
2017-05,14,0.17386264850767894,3451.0
2017-06,14,0.23049061573921634,3037.0
2017-07,14,,3752.0
2017-08,14,,4057.0
2017-09,14,,4004.0
2017-10,14,,4328.0
2017-11,14,,7060.0
2017-12,14,,5338.0
2018-01,14,,6842.0
2018-02,14,,6288.0
2018-03,14,,6774.0
2018-04,14,,6582.0
2018-05,14,,6506.0
2018-06,14,,5878.0
2018-07,14,,5949.0
2018-08,14,,6144.0
2016-10,15,0.38167938931297707,262.0
2017-01,15,0.1394700139470014,717.0
2017-02,15,0.06142506142506143,1628.0
2017-03,15,0.23971234518577705,2503.0
2017-04,15,0.08865248226950355,2256.0
2017-05,15,0.2028397565922921,3451.0
2017-06,15,,3037.0
2017-07,15,,3752.0
2017-08,15,,4057.0
2017-09,15,,4004.0
2017-10,15,,4328.0
2017-11,15,,7060.0
2017-12,15,,5338.0
2018-01,15,,6842.0
2018-02,15,,6288.0
2018-03,15,,6774.0
2018-04,15,,6582.0
2018-05,15,,6506.0
2018-06,15,,5878.0
2018-07,15,,5949.0
2018-08,15,,6144.0
2016-10,16,0.0,262.0
2017-01,16,0.2789400278940028,717.0
2017-02,16,0.06142506142506143,1628.0
2017-03,16,0.07990411506192568,2503.0
2017-04,16,0.13297872340425532,2256.0
2017-05,16,,3451.0
2017-06,16,,3037.0
2017-07,16,,3752.0
2017-08,16,,4057.0
2017-09,16,,4004.0
2017-10,16,,4328.0
2017-11,16,,7060.0
2017-12,16,,5338.0
2018-01,16,,6842.0
2018-02,16,,6288.0
2018-03,16,,6774.0
2018-04,16,,6582.0
2018-05,16,,6506.0
2018-06,16,,5878.0
2018-07,16,,5949.0
2018-08,16,,6144.0
2016-10,17,0.38167938931297707,262.0
2017-01,17,0.41841004184100417,717.0
2017-02,17,0.18427518427518427,1628.0
2017-03,17,0.11985617259288853,2503.0
2017-04,17,,2256.0
2017-05,17,,3451.0
2017-06,17,,3037.0
2017-07,17,,3752.0
2017-08,17,,4057.0
2017-09,17,,4004.0
2017-10,17,,4328.0
2017-11,17,,7060.0
2017-12,17,,5338.0
2018-01,17,,6842.0
2018-02,17,,6288.0
2018-03,17,,6774.0
2018-04,17,,6582.0
2018-05,17,,6506.0
2018-06,17,,5878.0
2018-07,17,,5949.0
2018-08,17,,6144.0
2016-10,18,0.0,262.0
2017-01,18,0.0,717.0
2017-02,18,0.0,1628.0
2017-03,18,,2503.0
2017-04,18,,2256.0
2017-05,18,,3451.0
2017-06,18,,3037.0
2017-07,18,,3752.0
2017-08,18,,4057.0
2017-09,18,,4004.0
2017-10,18,,4328.0
2017-11,18,,7060.0
2017-12,18,,5338.0
2018-01,18,,6842.0
2018-02,18,,6288.0
2018-03,18,,6774.0
2018-04,18,,6582.0
2018-05,18,,6506.0
2018-06,18,,5878.0
2018-07,18,,5949.0
2018-08,18,,6144.0
2016-10,19,0.7633587786259541,262.0
2017-01,19,0.1394700139470014,717.0
2017-02,19,,1628.0
2017-03,19,,2503.0
2017-04,19,,2256.0
2017-05,19,,3451.0
2017-06,19,,3037.0
2017-07,19,,3752.0
2017-08,19,,4057.0
2017-09,19,,4004.0
2017-10,19,,4328.0
2017-11,19,,7060.0
2017-12,19,,5338.0
2018-01,19,,6842.0
2018-02,19,,6288.0
2018-03,19,,6774.0
2018-04,19,,6582.0
2018-05,19,,6506.0
2018-06,19,,5878.0
2018-07,19,,5949.0
2018-08,19,,6144.0
2016-10,20,0.7633587786259541,262.0
2017-01,20,,717.0
2017-02,20,,1628.0
2017-03,20,,2503.0
2017-04,20,,2256.0
2017-05,20,,3451.0
2017-06,20,,3037.0
2017-07,20,,3752.0
2017-08,20,,4057.0
2017-09,20,,4004.0
2017-10,20,,4328.0
2017-11,20,,7060.0
2017-12,20,,5338.0
2018-01,20,,6842.0
2018-02,20,,6288.0
2018-03,20,,6774.0
2018-04,20,,6582.0
2018-05,20,,6506.0
2018-06,20,,5878.0
2018-07,20,,5949.0
2018-08,20,,6144.0
